INSERT INTO groups (group_id,group_name,description) VALUES
	 (1,'Example Group','Example Description'),
	 (2,'Second Group','');
INSERT INTO items (item_id,item_name,receipt_id,quantity,weight,price) VALUES
	 (1,'Sainsbury''s Broccoli Loose',1,NULL,0.86,1.88),
	 (2,'Sainsbury''s Basil 15g',1,1,NULL,1.1),
	 (3,'Sainsbury''s Parsley 6g',1,1,NULL,1.1),
	 (4,'Colgate Triple Action Toothpaste 75ml',1,3,NULL,3),
	 (5,'Sainsbury''s Rosemary 22g',1,1,NULL,1.1),
	 (6,'Sainsbury''s Thyme 12g',1,1,NULL,1.1),
	 (7,'Sainsbury''s Sesame Seeds 50g',1,1,NULL,1.1),
	 (8,'Sainsbury''s Spirali 500g',1,1,NULL,0.75),
	 (9,'Sainsbury''s Ground Cumin 43g',1,1,NULL,1.1),
	 (10,'Sainsbury''s Ground Ginger 38g',1,1,NULL,1.1);
INSERT INTO items (item_id,item_name,receipt_id,quantity,weight,price) VALUES
	 (11,'Lee Kum Kee Oriental Sesame Soy Sauce 120ml',1,2,NULL,3),
	 (12,'Sainsbury''s Free Range British Eggs Medium x15',1,12,NULL,38.4),
	 (13,'Sainsbury''s Creamy Tomato Pasta Bake Sauce 480g',1,1,NULL,0.72),
	 (14,'Sainsbury''s Red Onions 1kg',1,1,NULL,0.91),
	 (15,'Andrex Supreme Quilts Toilet Tissue Mega Rolls x9',1,1,NULL,7.95),
	 (16,'Warburtons Thick Sliced Seeded Bread 800g',1,1,NULL,1.9),
	 (17,'Sainsbury''s Classic Round Tomatoes x6',1,1,NULL,0.78),
	 (18,'Jordans Country Crisp Breakfast Cereal with Chunky Nuts 500g',1,1,NULL,3.6),
	 (19,'Sainsbury''s Penne 1kg',1,1,NULL,1.3),
	 (20,'Sainsbury''s Royal Gala Apples x6',1,1,NULL,1.1);
INSERT INTO items (item_id,item_name,receipt_id,quantity,weight,price) VALUES
	 (21,'Sainsbury''s Pasta Sauce, Onion & Garlic 500g',1,1,NULL,0.65),
	 (22,'Sainsbury''s Whole Cucumber',1,1,NULL,0.89),
	 (23,'Bisto Gravy Granules 190g',1,1,NULL,1.75),
	 (24,'Sainsbury''s Spring Onions Bunch 100g',1,1,NULL,0.59),
	 (25,'Sainsbury''s Mixed Herbs 14g',1,1,NULL,1.1),
	 (26,'Sainsbury''s Star Anise 15g',1,1,NULL,1.1),
	 (27,'Sainsbury''s Macaroni Cheese Pasta Bake Sauce 485g',1,1,NULL,0.72),
	 (28,'Sainsbury''s Sweetcorn Cobettes x4',1,1,NULL,1.4),
	 (29,'Sainsbury''s Fat Free Greek Style Natural Yogurt 1kg',1,1,NULL,1.95),
	 (30,'Laila Basmati Rice 10kg',1,1,NULL,13.5);
INSERT INTO items (item_id,item_name,receipt_id,quantity,weight,price) VALUES
	 (31,'Sainsbury''s Fairtrade Bananas x5',1,1,NULL,0.78),
	 (32,'Sainsbury''s Cajun Seasoning, Inspired to Cook 50g',1,1,NULL,1.25),
	 (33,'Sainsbury''s Easy Cook Long Grain White Rice 2kg',1,1,NULL,2.35),
	 (34,'Sainsbury''s Fusilli 500g',1,1,NULL,0.69),
	 (35,'Lee Kum Kee Teriyaki Sauce 200g',1,1,NULL,1.73),
	 (36,'Sainsbury''s Oregano 12g',1,2,NULL,2.2),
	 (37,'Sainsbury''s Broccoli Loose',2,NULL,0.73,1.6),
	 (38,'Sainsbury''s Root Ginger Loose',2,NULL,0.178,0.98),
	 (39,'Sainsbury''s Home Bamboo Skewers',2,2,NULL,4.5),
	 (40,'Sainsbury''s Marshmallows 400g',2,1,NULL,2.5);
INSERT INTO items (item_id,item_name,receipt_id,quantity,weight,price) VALUES
	 (41,'Haribo Chamallows Pink & White Marshmallows 140g',2,1,NULL,1.25),
	 (42,'Bar-be-quick Family/party Size Disposable BBQ',2,3,NULL,18),
	 (43,'Sainsbury''s Chinese Leaf Lettuce',2,1,NULL,1.35),
	 (44,'Sainsbury''s British Fresh Chicken Wings 1kg',2,2,NULL,3.98),
	 (45,'Sainsbury''s British Semi Skimmed Milk 2.27L (4 pint)',2,2,NULL,2.9),
	 (46,'Sainsbury''s British or Irish Beef Mince 1kg',2,1,NULL,6.6),
	 (47,'Sainsbury''s British 10% Fat Pork Mince 750g',2,1,NULL,3.65),
	 (48,'Wikinger 8 Hot Dogs Bockwurst Style in Brine 550g',2,3,NULL,5.25),
	 (49,'Sainsbury''s Cauliﬂower',2,1,NULL,1.09),
	 (50,'Sainsbury''s British Fresh Chicken Skin on Thighs 2kg',2,2,NULL,9.6);
INSERT INTO items (item_id,item_name,receipt_id,quantity,weight,price) VALUES
	 (51,'Sainsbury''s British Pork Cumberland Sausages, Taste the Diﬀerence x6400g',2,2,NULL,3.24),
	 (52,'Sainsbury''s Oranges, Taste the Diﬀerence x4',2,4,NULL,7.4),
	 (53,'Sainsbury''s British Pork Shoulder Steaks x6 900g',2,1,NULL,5.75),
	 (54,'Sainsbury''s Sweet Peppers (Colours may vary) x3',2,1,NULL,1.79),
	 (55,'Sainsbury''s Iceberg Lettuce',2,2,NULL,1.58),
	 (56,'Sainsbury''s British Fresh Chicken Skin on Drumsticks 1kg',2,1,NULL,1.99),
	 (57,'Bar-Be-Quick Instant Light BBQ Charcoal 2pk',2,1,NULL,6),
	 (58,'Sainsbury''s Strawberries 400g',2,1,NULL,2.5),
	 (59,'Js Duck Legs 480g',2,1,NULL,4.8),
	 (60,'Stamford Street Co. Jumbo Kitchen Roll',2,1,NULL,1.35);
INSERT INTO items (item_id,item_name,receipt_id,quantity,weight,price) VALUES
	 (61,'Sainsbury''s Black Sable Seedless Grapes, Taste the Diﬀerence 400g',2,1,NULL,1.7),
	 (62,'Sainsbury''s Sweet Potato 1.25kg',2,1,NULL,1.49),
	 (63,'Sainsbury''s Carrots 1kg',2,1,NULL,0.65),
	 (64,'Sainsbury''s Grated Mozzarella Cheese 250g',2,1,NULL,2.55),
	 (65,'Sainsbury''s Fairtrade Bananas x5',2,1,NULL,0.78),
	 (66,'Flora Buttery Spread with Natural Ingredients 450g',2,1,NULL,1.5),
	 (67,'Bacofoil The Non-Stick Kitchen Foil 30cm x 10m',2,2,NULL,8);
INSERT INTO receipts (receipt_id,order_id,slot_time,total_price,group_id,payment_card,locked_by,lock_timestamp) VALUES
	 (1,874409134,'2024-04-04 13:00:00.000000',105.64,1,9101,0,'2025-01-05 10:52:14.035072'),
	 (2,923027300,'2024-04-25 20:00:00.000000',116.32,1,7044,0,'2025-01-05 10:52:26.070736');
INSERT INTO user_groups (user_id,group_id) VALUES
	 (1,1),
	 (1,2);
INSERT INTO users (user_id,username,hashed_password,email) VALUES
	 (1,'Username1','$2b$12$M7NRbXIL0azYufOVVOnHoeOw7C5UYclq7qdVLx6Hp8ukNWNXgNnh2','random@email.com');
